{
  "Qwen3.5-2B-GGUF": {
    "prompt_64": {
      "raw": {
        "ttft_list": [
          4.771347799978685,
          5.761279800004559,
          5.727872500021476
        ],
        "tps_list": [
          4.820440882574678,
          5.554321454752932,
          5.586716533910281
        ],
        "total_time_list": [
          4.771347799978685,
          5.761279800004559,
          5.727872500021476
        ],
        "output_tokens_list": [
          23,
          32,
          32
        ],
        "errors": []
      },
      "tps_stats": {
        "mean": 5.320492957079297,
        "median": 5.554321454752932,
        "std_dev": 0.433360609885904,
        "min": 4.820440882574678,
        "max": 5.586716533910281
      },
      "ttft_stats": {
        "mean": 5.420166700001573,
        "median": 5.727872500021476,
        "std_dev": 0.5621418732786442,
        "min": 4.771347799978685,
        "max": 5.761279800004559
      }
    },
    "prompt_128": {
      "raw": {
        "ttft_list": [
          6.059683800005587,
          6.009642700024415,
          5.620057299995096
        ],
        "tps_list": [
          5.280803595720704,
          5.324775797381431,
          4.982155608987195
        ],
        "total_time_list": [
          6.059683800005587,
          6.009642700024415,
          5.620057299995096
        ],
        "output_tokens_list": [
          32,
          32,
          28
        ],
        "errors": []
      },
      "tps_stats": {
        "mean": 5.195911667363109,
        "median": 5.280803595720704,
        "std_dev": 0.1864192264736356,
        "min": 4.982155608987195,
        "max": 5.324775797381431
      },
      "ttft_stats": {
        "mean": 5.896461266675033,
        "median": 6.009642700024415,
        "std_dev": 0.2406769463806908,
        "min": 5.620057299995096,
        "max": 6.059683800005587
      }
    },
    "prompt_256": {
      "raw": {
        "ttft_list": [
          5.6398526999983005,
          6.8519571000069845,
          6.8026043999998365
        ],
        "tps_list": [
          3.900811097425759,
          4.670198533491604,
          4.704080690037006
        ],
        "total_time_list": [
          5.6398526999983005,
          6.8519571000069845,
          6.8026043999998365
        ],
        "output_tokens_list": [
          22,
          32,
          32
        ],
        "errors": []
      },
      "tps_stats": {
        "mean": 4.4250301069847895,
        "median": 4.670198533491604,
        "std_dev": 0.45430295797004216,
        "min": 3.900811097425759,
        "max": 4.704080690037006
      },
      "ttft_stats": {
        "mean": 6.4314714000017075,
        "median": 6.8026043999998365,
        "std_dev": 0.6860058650593387,
        "min": 5.6398526999983005,
        "max": 6.8519571000069845
      }
    }
  },
  "Qwen3.5-4B-GGUF": {
    "prompt_64": {
      "raw": {
        "ttft_list": [
          3.472897200001171,
          5.82594720000634,
          5.67454639999778
        ],
        "tps_list": [
          2.8794402552418275,
          5.492669071900476,
          5.6392172597289045
        ],
        "total_time_list": [
          3.472897200001171,
          5.82594720000634,
          5.67454639999778
        ],
        "output_tokens_list": [
          10,
          32,
          32
        ],
        "errors": []
      },
      "tps_stats": {
        "mean": 4.670442195623736,
        "median": 5.492669071900476,
        "std_dev": 1.5527830034096104,
        "min": 2.8794402552418275,
        "max": 5.6392172597289045
      },
      "ttft_stats": {
        "mean": 4.9911302666684305,
        "median": 5.67454639999778,
        "std_dev": 1.3170058026076465,
        "min": 3.472897200001171,
        "max": 5.82594720000634
      }
    },
    "prompt_128": {
      "raw": {
        "ttft_list": [
          4.679086100019049,
          4.230381800007308,
          4.020725400012452
        ],
        "tps_list": [
          4.060622009054856,
          3.545779248571391,
          2.98453607400367
        ],
        "total_time_list": [
          4.679086100019049,
          4.230381800007308,
          4.020725400012452
        ],
        "output_tokens_list": [
          19,
          15,
          12
        ],
        "errors": []
      },
      "tps_stats": {
        "mean": 3.530312443876639,
        "median": 3.545779248571391,
        "std_dev": 0.5382096723762454,
        "min": 2.98453607400367,
        "max": 4.060622009054856
      },
      "ttft_stats": {
        "mean": 4.31006443334627,
        "median": 4.230381800007308,
        "std_dev": 0.3363356870303352,
        "min": 4.020725400012452,
        "max": 4.679086100019049
      }
    },
    "prompt_256": {
      "raw": {
        "ttft_list": [
          6.026983999996446,
          5.731871099997079,
          7.1362531000049785
        ],
        "tps_list": [
          3.650250274434605,
          3.3147988969971225,
          4.484145888824722
        ],
        "total_time_list": [
          6.026983999996446,
          5.731871099997079,
          7.1362531000049785
        ],
        "output_tokens_list": [
          22,
          19,
          32
        ],
        "errors": []
      },
      "tps_stats": {
        "mean": 3.8163983534188164,
        "median": 3.650250274434605,
        "std_dev": 0.6021187465414708,
        "min": 3.3147988969971225,
        "max": 4.484145888824722
      },
      "ttft_stats": {
        "mean": 6.298369399999501,
        "median": 6.026983999996446,
        "std_dev": 0.7404793899816933,
        "min": 5.731871099997079,
        "max": 7.1362531000049785
      }
    }
  }
}